category,card_name,count,source,confidence,notes,exact_text_status
Common warhead/propaganda deck,Ten Megatons warhead,19,BGG moreinfo; Scribd card list,medium-high,High for name/count; exact card text not included,not captured; verify from physical copy or authorized source
Common warhead/propaganda deck,Twenty Megatons warhead,10,BGG moreinfo; Scribd card list,medium-high,High for name/count,not captured; verify from physical copy or authorized source
Common warhead/propaganda deck,Fifty Megatons warhead,4,BGG moreinfo; Scribd card list,medium-high,High for name/count,not captured; verify from physical copy or authorized source
Common warhead/propaganda deck,Hundred Megatons warhead,1,BGG moreinfo; Scribd card list,medium-high,High for name/count,not captured; verify from physical copy or authorized source
Common warhead/propaganda deck,Five Million Propaganda,12,BGG moreinfo; Scribd card list,medium-high,High for name/count,not captured; verify from physical copy or authorized source
Common warhead/propaganda deck,Ten Million Propaganda,6,BGG moreinfo; Scribd card list,medium-high,High for name/count,not captured; verify from physical copy or authorized source
Common warhead/propaganda deck,Twenty-five Million Propaganda,2,BGG moreinfo; Scribd card list,medium-high,High for name/count,not captured; verify from physical copy or authorized source
Base Nuclear War carriers/secrets/specials,Polaris Missile,9,BGG moreinfo; Scribd card list,medium-high,Delivery system,not captured; verify from physical copy or authorized source
Base Nuclear War carriers/secrets/specials,Atlas Missile,9,BGG moreinfo; Scribd card list,medium-high,Delivery system,not captured; verify from physical copy or authorized source
Base Nuclear War carriers/secrets/specials,B-70 Bomber,6,BGG moreinfo; Scribd card list,medium-high,Delivery system/bomber,not captured; verify from physical copy or authorized source
Base Nuclear War carriers/secrets/specials,Saturn Missile,3,BGG moreinfo; Scribd card list,medium-high,Delivery system; large warhead carrier,not captured; verify from physical copy or authorized source
Base Nuclear War carriers/secrets/specials,Anti-Missile S,1,BGG moreinfo; Scribd card list,medium-high,Anti-missile,not captured; verify from physical copy or authorized source
Base Nuclear War carriers/secrets/specials,Anti-Missile B,1,BGG moreinfo; Scribd card list,medium-high,Anti-missile,not captured; verify from physical copy or authorized source
Base Nuclear War carriers/secrets/specials,Anti-Missile A,1,BGG moreinfo; Scribd card list,medium-high,Anti-missile,not captured; verify from physical copy or authorized source
Base Nuclear War carriers/secrets/specials,Anti-Missile P,1,BGG moreinfo; Scribd card list,medium-high,Anti-missile,not captured; verify from physical copy or authorized source
Base Nuclear War Top Secrets,10 Million Leave for a Neutral Country,1,BGG moreinfo; Scribd card list,medium-high,Top Secret; exact effect verify,not captured; verify from physical copy or authorized source
Base Nuclear War Top Secrets,Disastrous Earthquake,1,BGG moreinfo; Scribd card list,medium-high,Top Secret; exact effect verify,not captured; verify from physical copy or authorized source
Base Nuclear War Top Secrets,Mysteriously Vaporized,1,BGG moreinfo; Scribd card list,medium-high,Top Secret; exact effect verify,not captured; verify from physical copy or authorized source
Base Nuclear War Top Secrets,Supergerm,1,BGG moreinfo; Scribd card list,medium-high,Top Secret; exact effect verify,not captured; verify from physical copy or authorized source
Base Nuclear War Top Secrets,Violent Tornado,1,BGG moreinfo; Scribd card list,medium-high,Top Secret; exact effect verify,not captured; verify from physical copy or authorized source
Base Nuclear War Secrets,Ambassador Gets Drunk,1,BGG moreinfo; Scribd card list,medium-high,Secret; exact effect verify,not captured; verify from physical copy or authorized source
Base Nuclear War Secrets,Beatnik Pacifists,1,BGG moreinfo; Scribd card list,medium-high,Secret; exact effect verify,not captured; verify from physical copy or authorized source
Base Nuclear War Secrets,First on the Moon,1,BGG moreinfo; Scribd card list,medium-high,Secret; exact effect verify,not captured; verify from physical copy or authorized source
Base Nuclear War Secrets,Little Old Ladies,1,BGG moreinfo; Scribd card list,medium-high,Secret; exact effect verify,not captured; verify from physical copy or authorized source
Base Nuclear War Secrets,Peace Corps,1,BGG moreinfo; Scribd card list,medium-high,Secret; exact effect verify,not captured; verify from physical copy or authorized source
Base Nuclear War Secrets,Population Explosion,1,BGG moreinfo; Scribd card list,medium-high,Secret; exact effect verify,not captured; verify from physical copy or authorized source
Base Nuclear War Secrets,Stock Market Super Boom,1,BGG moreinfo; Scribd card list,medium-high,Secret; exact effect verify,not captured; verify from physical copy or authorized source
Base Nuclear War Secrets,Summit Talk,1,BGG moreinfo; Scribd card list,medium-high,Secret; exact effect verify,not captured; verify from physical copy or authorized source
Base Nuclear War Secrets,Tax Raise,1,BGG moreinfo; Scribd card list,medium-high,Secret; exact effect verify,not captured; verify from physical copy or authorized source
Base Nuclear War Secrets,Test Ban,1,BGG moreinfo; Scribd card list,medium-high,Secret; exact effect verify,not captured; verify from physical copy or authorized source
Base Nuclear War non-play cards,Assorted ads and jokers,8,BGG moreinfo,medium-high,Not used in play; can be house-card blanks,not captured; verify from physical copy or authorized source
Base later additions,Advanced Recycling,1?,BGG moreinfo; Scribd FAQ,medium/needs verification,Added 1985; exact count/effect verify,not captured; verify from physical copy or authorized source
Base later additions,Mars Probe,1?,BGG moreinfo,medium/needs verification,Added 1985; exact count/effect verify,not captured; verify from physical copy or authorized source
Base later additions,Fold in Space,promo/unknown,BGG moreinfo; Scribd card list,medium/needs verification,Added 2006; exact count/effect verify,not captured; verify from physical copy or authorized source
Base later additions,Mad Scientist Triples Bomb Strength,promo/unknown,BGG moreinfo; Scribd card list,medium/needs verification,Added 2006; exact count/effect verify,not captured; verify from physical copy or authorized source
Population deck - 40-card distribution,1 Million Population,10,Scribd card list/FAQ; older scan components,medium-high,40-card population deck,not captured; verify from physical copy or authorized source
Population deck - 40-card distribution,2 Million Population,10,Scribd card list/FAQ; older scan components,medium-high,40-card population deck,not captured; verify from physical copy or authorized source
Population deck - 40-card distribution,5 Million Population,10,Scribd card list/FAQ; older scan components,medium-high,40-card population deck,not captured; verify from physical copy or authorized source
Population deck - 40-card distribution,10 Million Population,6,Scribd card list/FAQ; older scan components,medium-high,40-card population deck,not captured; verify from physical copy or authorized source
Population deck - 40-card distribution,25 Million Population,4,Scribd card list/FAQ; older scan components,medium-high,40-card population deck,not captured; verify from physical copy or authorized source
Population deck - later rules mirror,Population denominations 1M/2M/5M/10M/25M,20 cards total,Goblins base rules PDF mirror,medium-high,Possible edition difference: 20-card population set listed,not captured; verify from physical copy or authorized source
