id,title,url,source_class,status,captured_file,priority,credibility,content_relevance,notes
OFF-001,Mr. B Games Nuclear Destruction product page,https://www.mrbgames.com/products/pre-order-nuclear-destruction-card-game,official/current publisher,indexed URL; source note,99_sources/source_notes/OFF-001_mr_b_games_product_page.md,1,high,"current official product context, links to PDFs, rights/publication status","States Nuclear Destruction reimplements WMD and links updated rules, log, anti-missile chart."
OFF-002,"Nuclear Destruction updated rules PDF, Apr. 2 2026",https://cdn.shopify.com/s/files/1/0040/1240/8885/files/NucDesRulesUpdated040226.pdf?v=1775165495,official/current publisher PDF,downloaded + extracted text,99_sources/downloaded_pdfs/NucDesRulesUpdated040226.pdf; 99_sources/extracted_text/NucDesRulesUpdated040226.txt,1,high,"modern rules, components, setup, turn order, card types, spinner results, final strike, optional rules, combo guidance","Use for current family mechanics, not as exact base-1965 card manifest."
OFF-003,Nuclear Destruction Anti-Missile Chart PDF,https://cdn.shopify.com/s/files/1/0040/1240/8885/files/Nuclear_DestructionAntiMissileChart.pdf?v=1775165495,official/current publisher PDF,downloaded + extracted text,99_sources/downloaded_pdfs/Nuclear_DestructionAntiMissileChart.pdf; 99_sources/extracted_text/Nuclear_DestructionAntiMissileChart.txt,1,high,anti-missile and evasion ratings across sets,Essential if simulating cross-set defense.
OFF-004,Nuclear Destruction Game Log PDF,https://cdn.shopify.com/s/files/1/0040/1240/8885/files/NuclearDestructionLog.pdf?v=1775165495,official/current publisher PDF,downloaded + extracted text,99_sources/downloaded_pdfs/NuclearDestructionLog.pdf; 99_sources/extracted_text/NuclearDestructionLog.txt,2,high,world annihilation log/play aid,Useful for play reports and simulation traces.
MIR-001,Nuclear War Game Rules PDF mirror,https://www.goblins.net/files/downloads/NuclearWarENGrules.pdf,"public mirror, likely official-derived",downloaded + extracted text,99_sources/downloaded_pdfs/NuclearWarENGrules_goblins_mirror.pdf; 99_sources/extracted_text/NuclearWarENGrules_goblins_mirror.txt,1,medium-high,"base-game rules, dice chart, setup, turn order, attack, final retaliation",Later base rules use two ten-sided dice instead of the older spinner.
MIR-002,Older spinner-era Nuclear War rule-sheet scan,https://magisterrex.wordpress.com/wp-content/uploads/2023/11/nuclear-war-rules.pdf,"public scan, likely older official sheet",downloaded; text extraction unavailable,99_sources/downloaded_pdfs/nuclear-war-rules_magisterrex_mirror.pdf,1,medium-high,"older edition components, spinner, 40-card population deck, two-player rules sheet",Use visual scan or physical copy for exact text; OCR not performed.
UNOFF-001,"Nuclear War Postal Rules, Richard Smith 1998",https://variablepig.org/rules/nuclearwar.html,unofficial/PBM variant,indexed URL; source note,99_sources/source_notes/UNOFF-001_variablepig_postal_rules.md,2,medium,"press/PBM rules, simultaneous order resolution, 2-8 players, diplomacy/press",Best source found for press-style Nuclear War.
COMM-001,BoardGameGeek Nuclear War moreinfo wiki,https://boardgamegeek.com/wiki/page/thing%3A713%3Amoreinfo,community card inventory,indexed URL; source note,99_sources/source_notes/COMM-001_bgg_moreinfo.md,2,medium,"base deck counts, common warhead/propaganda counts, booster/promo references, magazine references",Unofficial but concise and highly useful for manifest reconstruction.
COMM-002,Scribd Nuclear War Game Card List,https://www.scribd.com/document/401221633/Nuclear-War-Card-List-pdf,"third-party hosted card list, likely official-derived",indexed URL; source note,99_sources/source_notes/COMM-002_scribd_card_list.md,2,medium,"card names/counts for Nuclear War, Escalation, Proliferation, WMD, population deck","Scribd page labels content rights as protected; use for research and source checking, not redistribution of exact text."
COMM-003,Scribd Nuclear War FAQs,https://www.scribd.com/document/401221755/Nuclear-War-FAQs,"third-party hosted FAQ, likely official-derived",indexed URL; source note,99_sources/source_notes/COMM-003_scribd_faq.md,2,medium,"rules clarifications, deck ratios, booster interaction Q&A, population distribution",Good for edge cases; verify exact rulings against physical/current rules.
COMM-004,Scribd Nuclear War Combined Rules 1.50 Flat,https://www.scribd.com/document/910500996/Nuclear-War-Combined-Rules-1-50-Flat,fan/unofficial combined rules,indexed URL only,source_index.csv,3,medium-low,combined War/Escalation/Proliferation house compilation,"Useful as a comparison, not authoritative."
COMM-005,Scribd Nuclear War Combined Rules 1.50 TSP,https://www.scribd.com/document/910499680/Nuclear-War-Combined-Rules-1-50-TSP,fan/unofficial combined rules,indexed URL only,source_index.csv,3,medium-low,combined rules variant/reference,Use as an unofficial reconciliation aid only.
COMM-006,"Nuclear War Players Guide, GeneralTangent",https://www.generaltangent.com/blog/2014/11/01/nuclear-war-players-guide/,community strategy guide,indexed URL only,source_index.csv,3,medium,strategy/play hints and player-level interpretation,Good for AI play-policy testing; not authoritative rules.
COMM-007,Steam Workshop - Nuclear War! ALL EXPANSIONS!,https://steamcommunity.com/sharedfiles/filedetails/?id=2072968126,fan digital implementation,indexed URL; source note,99_sources/source_notes/COMM-007_steam_tts_all_expansions.md,3,medium-low,evidence of community digital recreation with all expansions,Potential visual/card-reference lead; use carefully because fan-created images/text may diverge.
ARCH-001,Google Arts & Culture / The Strong Museum - Nuclear War object,https://artsandculture.google.com/asset/card-game-nuclear-war-flying-buffalo-inc/7wGSmG_qaLL7AQ?hl=en,museum/archive object record,indexed URL only,source_index.csv,3,high,archival object context and trilogy framing,Good for historical/collection provenance.
ARCH-002,Museum of Radiation and Radioactivity / ORAU Nuclear War object,https://www.nuclearmuseum.org/virtual/vex1/BA28FF49-5356-47B6-AD1C-434512222586.htm,museum/archive object record,indexed URL only,source_index.csv,3,high,visual/object source for older components,Useful for edition/component comparison.
NEWS-001,Los Angeles Times - Nuclear War Game Bombs Its Way to Success,https://www.latimes.com/archives/la-xpm-1986-04-18-vw-442-story.html,news/article,indexed URL; source note,99_sources/source_notes/NEWS-001_latimes_success_article.md,3,high,1986 sales/cultural controversy/tournament/Pentagon anecdote/spinner categories,Important historical secondary source.
NEWS-002,Los Angeles Times - Laughing at Apocalypse,https://www.latimes.com/archives/la-xpm-1986-04-18-vw-437-story.html,news/article,indexed URL only,source_index.csv,3,high,cultural framing and quoted game description,Companion article.
NEWS-003,ICv2 - Mr. B Games Launches Nuclear Destruction,https://icv2.com/articles/news/view/56977/mr-b-games-launches-nuclear-destruction,industry news,indexed URL; source note,99_sources/source_notes/NEWS-003_icv2_launch.md,3,medium-high,publication history and modern product context,Secondary source for rights/publication history.
DOMAIN-001,RAND - Designing A Strange Game: A Nuclear Wargame for the 21st Century,https://www.rand.org/content/dam/rand/pubs/research_reports/RRA1200/RRA1204-1/RAND_RRA1204-1.pdf,professional wargaming context,indexed URL only; download failed,source_index.csv,4,high,"not Nuclear War card game, but useful nuclear-escalation simulation context",For comparing satire game vs professional nuclear escalation games.
DOMAIN-002,Journal of Peace Research - Experimental wargaming at the nuclear threshold,https://academic.oup.com/jpr/article/60/5/760/8364924,academic nuclear wargaming context,indexed URL only,source_index.csv,4,high,"not Nuclear War card game, but useful for escalation/threshold context","Use as related literature, not game-source material."
DOMAIN-003,InsideGMT - Twilight Struggle’s Cold War Legacy,https://insidegmt.com/twilight-struggles-cold-war-legacy/,board-game design context,indexed URL; source note,99_sources/source_notes/DOMAIN-003_insidegmt_cold_war_legacy.md,4,medium-high,frames Nuclear War as bitter satire in Cold War board-game lineage,Context only.
AWARD-001,Origins Awards Hall of Fame,https://www.originsawards.net/hall-of-fame,award record,indexed URL only,source_index.csv,3,high,hall-of-fame/award recognition,Confirms hobby-game significance.
KICK-001,Nuclear Destruction Kickstarter FAQ,https://www.kickstarter.com/projects/mrbgames/nuclear-destruction/faqs,publisher campaign FAQ,indexed URL only,source_index.csv,2,medium-high,rights-holder statement via Kickstarter FAQ,Search result reported Mr. B Games acquired rights from Flying Buffalo and has contract with Douglas Malewicki; verify directly if licensing matters.
TER-001,Wikipedia - Nuclear War card game,https://en.wikipedia.org/wiki/Nuclear_War_(card_game),tertiary summary,indexed URL only,source_index.csv,5,medium,"overview, expansions, review citations, publication history",Useful jumping-off source; do not treat as primary.
COMM-008,BoardGameGeek file - Total Nuclear War,https://boardgamegeek.com/filepage/223591/total-nuclear-war,community/fan compiled rules file,indexed URL only,source_index.csv,3,medium-low,fan compilation of rules from different releases; may include new cards/nations,Useful comparison aid; not authoritative.
COMM-009,BoardGameGeek images - Nuclear War,https://boardgamegeek.com/boardgame/713/nuclear-war/images,community image gallery,indexed URL only,source_index.csv,4,medium,visual reference for boxes/components/cards across printings,Use for visual/edition research; respect image rights.
COMM-010,BoardGameGeek version - Flying Buffalo 50th Anniversary Edition,https://boardgamegeek.com/boardgameversion/308957/flying-buffalo-50th-anniversary-edition,community edition/version record,indexed URL only,source_index.csv,3,medium,50th Anniversary edition component/version reference,Useful for edition drift; not a rules source.
VID-001,YouTube - How to play Nuclear War by Flying Buffalo Inc,https://www.youtube.com/results?search_query=How+to+play+Nuclear+War+by+Flying+Buffalo+Inc,video/how-to search lead,indexed URL only,source_index.csv,4,medium-low,possible procedural explanation and component visuals,Search lead; inspect manually if video details are needed.
VID-002,YouTube - Nuclear Destruction unboxing,https://www.youtube.com/watch?v=8yhVd1vz4s0,video/unboxing,indexed URL only,source_index.csv,4,medium-low,modern component visuals,Source lead only; not authoritative rules.
COMP-001,MobyGames - Nuclear War 1989 computer game,https://www.mobygames.com/game/269/nuclear-war/,computer-game adaptation/context,indexed URL only,source_index.csv,5,medium,computer adaptation inspired by card game/name; context only,Not source for tabletop rules.
REV-001,The Gaming Gang review - Nuclear War reviewed,https://thegaminggang.com/our_reviews/nuclear-war-a-blast-from-the-past,review,indexed URL only,source_index.csv,4,medium,"play experience, components, review context",Secondary/context only.
TER-002,Wikipedia - Nuclear Escalation card game,https://en.wikipedia.org/wiki/Nuclear_Escalation_%28card_game%29,tertiary expansion summary,indexed URL only,source_index.csv,5,medium,expansion overview and publication data,Pointer only.
TER-003,Wikipedia - Nuclear Proliferation card game,https://en.wikipedia.org/wiki/Nuclear_Proliferation_%28card_game%29,tertiary expansion summary,indexed URL only,source_index.csv,5,medium,expansion overview and publication data,Pointer only.
